name,description,lat,lng,city
Mysore Zoo,"The zoo was established under royal patronage in 1892, making it one of the oldest in the world. Mysore Zoo has had a successful breeding program and houses animals from more than 40 different countries, along with native Indian fauna, including Royal Bengal tigers, white tigers, elephants, fallow d",12.30114,76.66786,Mysore
Hemakuta Hill temples,#4,15.332526,76.459561,Hampi
Virupaksha Temple,"#5. Contrary to most other temples, this one is still a sacred place, so you will have to deposit your shoes in the shoe area left of the big entrance gate (putting them in your bag is not accepted if noticed).",15.335020,76.460076,Hampi
Monolith Bull,#6,15.3337,76.4672,Hampi
Matanga Hill,#7. From where you can see the most beautiful sunsets.,15.3316,76.4678,Hampi
Achyutaraya temple,"#8. Built in 1534, it was the last temple executed in the city, before the fall of the fall of Vijayanagara Empire at the Battle of Talikota in the early 1565.",15.332308,76.470021,Hampi
Vithala Temple,"#23. Dedicated to Vithoba, an avatar (incarnation) of the gods Vishnu and Krishna. The famous Stone Chariot is here as well as the Musical Pillars.",15.342237,76.475262,Hampi
Badavilinga Temple,#30. The largest monolithic linga (Shiva shrine) in Hampi.,15.329333,76.459038,Hampi
Lakshmi Narasimha temple,#31,15.329087,76.459000,Hampi
Zanana Enclosure,#46. Also houses the Lotus Mahal and the Elephant Stables.,15.320494,76.470974,Hampi
Elephant Stables,#55. Part of the Zanana Enclosures,15.321187,76.472786,Hampi
Hazara Rama Temple,#59,15.3179,76.4689,Hampi
Royal Enclosures,"#61. Also referred to as the Royal Palace, in this area you'll find the Mahanavmi Dibba, Pushkarani step well and the Queen's bath.",15.315579,76.469901,Hampi
Mahanavmi Dibba,#62,15.31597,76.47082,Hampi
Pushkarani step wells,#66,15.314979,76.470288,Hampi
Queen's Bath,#68,15.313468,76.472776,Hampi
Sanapur Lake,"Exploring the hidden gems in the Gangavathi taluk, Sanapur Lake is a reservoir fed by Tungabhadra Dam canal. The unique thing about this place is experiencing the boat ride in a huge round, wooden bowl called Coracle. The Coracle gives a little adventurous feel. For a short ride it's usually ₹150 an",15.3574,76.4348,Hampi
Jantar Mantar,"Jantar Mantar literally means a combination of instruments and formulas (jantar = instrument and mantar = formula). It is an observatory consisting of a series of masonry architecture of unique form, each with a specialized function for astronomical measurement. Jai Singh, king of Amber, built 5 suc",25.307721,83.010701,Varanasi
Rajghat,"This archaeological site was the result of a chance discovery in the 1940s when the Kashi Railway Station was extended. After a couple of excavations, a structure was unearthed dating back to the 2nd century BCE. The archaeological evidence suggested that the place was continuously inhabited since t",25.325978,83.035508,Varanasi
Rani Laxmibai Janmasthali,Birthplace of Rani Laxmibai. It has been converted into a small gallery. A statue of Laxmibai riding a galloping horse welcomes visitors to the gallery. The walls behind and on the two sides of the statue are converted into a gallery complete with images and writeups. They depicts the life of Rani L,25.289875,83.005649,Varanasi
Udaipur City Palace,"A complex of small and big palaces, museums and gardens encompassing a rich blend of Rajasthani, Mughal, Medieval, European and Chinese architecture established in 1559 by Maharana Udai Mirza Singh. One of the most beautiful palatial structures in Rajasthan. It was built by Maharana Uday Singh II, a",24.576701,73.683494,Udaipur
Amar Vilas,"The uppermost court inside the complex, which is a raised garden. It provides entry to the Badi Mahal. It is a pleasure pavilion built in Mughal style. It has cusped arcades enclosing a square marble tub. 'Amar Vilas' is the highest point of the City palace and has wonderful hanging gardens with fou",,,Udaipur
Badi Mahal,Badi Mahal is the exotic central garden palace that is situated on a 27-m-high (89-ft) natural rock formation vis-a-vis the rest of the palace. The rooms on the ground floor appear to be at the level of the fourth floor in view of the height difference to its surrounding buildings.,,,Udaipur
Durbar Hall,"Built in 1909 within the Fatepraksh Palace (now a heritage hotel), the hall was used by the royal ladies to observe the court proceedings. This hall has a luxuriant interior with some unusually large chandeliers. Weapons of the maharanas and also some of their unique portraits are also depicted here",,,Udaipur
Fatehprakash Palace,"Now run as luxury hotel and inaccessible to public viewing has a crystal gallery that consists of crystal chairs, dressing tables, sofas, tables, chairs and beds, crockery, table fountains which were never used. There is also a unique jewel-studded carpet here.",,,Udaipur
Jagdish Temple,"Located 150 m north of the palace in Indo-Aryan architectural style, the temple is dedicated to Lord Vishnu. The temple walls and the shikara or tower are decorated with carvings of Vishnu, scenes from Lord Krishna’s life and figurines of nymphs or apsaras. The street square, where the temple is loc",24.579722,73.683611,Udaipur
Krishna Vilas,"Another chamber in Fatehprakash Palace with rich collection of miniature paintings that portray royal processions, festivals and games of the Maharanas. However, there is tragic story linked to this wing of the City Palace. In the 19th century, a royal princess was unable to choose from two suitors ",,,Udaipur
Manak Mahal,"Approach from the Manak Chowk, the palace has a raised alcove inlaid completely in mirror glass. One of the prominent emblems of Sun is depicted on the façade of the Manak Chowk, which can also be seen from the outermost court.",,,Udaipur
Mor Chowk,"A pillared hall with glass and mirror mosaic decorations is integral to the inner courts of the palace. The elaborate design of this chamber consists of three peacocks (representing the three seasons of summer, winter and monsoon) modeled in high relief and faced with coloured glass mosaic, built in",,,Udaipur
Rang Bhawan,"The palace that used to contain royal treasure. There are temples of Lord Krishna, Meerabai and Shiva, located here.",,,Udaipur
Sheesh Mahal,"The palace of mirrors and glasses was built in 1716. A shrine of Dhuni Mata is also located in the complex. This location is considered as the oldest part of the Palace, where a sage spent his entire life meditating.",,,Udaipur
Zenana Mahal,"Proceeding further from the Mor Chowk, in the Zenana Mahal or women’s quarters (now converted into museum) is exquisitely designed alcoves, balconies, coloured windows, tiled walls and floors are seen.",,,Udaipur
